AC_TYPEID;AC_GROUP;SSD_NAME;MANUFACTURER;LONG_NAME;SHORT_NAME;BEGIN_DATE;END_DATE
8;0;AERO MACCHI AL-60;AERO MACCHI;AERO MACCHI AL-60;AL-60;1-1-1990;
9;0;AERONCA 7-AC;AERONCA;AERONCA 7-AC;AERONCA7;1-1-1990;
613;6;AEROSPATL CORVETTE;AEROSPATIALE;AEROSPATIALE CORVETTE;CORVETTE;1-1-1990;
680;6;CARAVELLE SE-210;AEROSPATIALE;AEROSPATIALE CARAVELLE SE-210;CARAVLLE;1-1-1990;
441;4;ATR-42;AEROSPATIALE/AERITALIA;AEROSPATIALE/AERITALIA ATR-42;ATR-42;1-1-1990;
442;4;ATR-72;AEROSPATIALE/AERITALIA;AEROSPATIALE/AERITALIA ATR-72;ATR-72;1-1-1990;
875;8;CONCORDE;AEROSPATIALE/BRITISH AEROSPACE;AEROSPATIALE/BRITISH AEROSPACE CONCORDE;CONCORDE;1-1-1990;
325;3;AGUSTA A-119 KOALA;AGUSTA;AGUSTA A-119 KOALA;A-119;1-11-2013;
393;3;AGUSTAWESTLAND 139;AGUSTAWESTLAND;AGUSTAWESTLAND AW139;AW139;1-1-2010;
443;4;AIR TRACTOR AT-802;AIR TRACTOR;AIR TRACTOR AT-802;AT-802;1-1-2013;
836;6;A350-1000;AIRBUS;AIRBUS 350-1000;A350-10;1-1-2017;
339;6;AIRBUS A330-900;AIRBUS INDUSTRIE;AIRBUS INDUSTRIE A330-900;A339;1-9-2016;
359;6;AIRBUS A350-900;AIRBUS INDUSTRIE;AIRBUS INDUSTRIE A350-900;A359;1-9-2016;
644;6;A-318;AIRBUS INDUSTRIE;AIRBUS INDUSTRIE A-318;A318;1-6-2003;
687;6;AIRBUS A330-300;AIRBUS INDUSTRIE;AIRBUS INDUSTRIE A330-300;A330-3;1-1-2004;
689;6;A300-600ST(BELUGA);AIRBUS INDUSTRIE;AIRBUS INDUSTRIE A330-600ST (BELUGA);BELUGA;1-7-1998;
690;6;A300B/C/F-100/200;AIRBUS INDUSTRIE;AIRBUS INDUSTRIE A300B/C/F-100/200;A300-1/2;1-1-1990;
691;6;A300-600/R/CF/RCF;AIRBUS INDUSTRIE;AIRBUS INDUSTRIE A300-600/R/CF/RCF;A300-6;1-1-1990;
692;6;A310-200C/F;AIRBUS INDUSTRIE;AIRBUS INDUSTRIE A310-200C/F;A310-2CF;1-1-1990;
693;6;A310-300;AIRBUS INDUSTRIE;AIRBUS INDUSTRIE A310-300;A310-3;1-1-1990;
694;6;A320-100/200;AIRBUS INDUSTRIE;AIRBUS INDUSTRIE A320-100/200;A320-1/2;1-1-1990;
695;6;A300-B2;AIRBUS INDUSTRIE;AIRBUS INDUSTRIE A300-B2;A300-B2;1-1-1990;
696;6;A330-200/220F;AIRBUS INDUSTRIE;AIRBUS INDUSTRIE A330-200;A330-2;1-1-1992;
697;6;A340;AIRBUS INDUSTRIE;AIRBUS INDUSTRIE A340;A340;1-1-1992;
698;6;A319;AIRBUS INDUSTRIE;AIRBUS INDUSTRIE A319;A319;1-1-1997;
699;6;A321;AIRBUS INDUSTRIE;AIRBUS INDUSTRIE A321;A321;1-1-1990;
871;8;A340-300;AIRBUS INDUSTRIE;AIRBUS INDUSTRIE A340-300;A340-3;1-9-1996;
872;8;A340-500;AIRBUS INDUSTRIE;AIRBUS INDUSTRIE A340-500;A340-5;1-9-1996;
873;8;A340-200;AIRBUS INDUSTRIE;AIRBUS INDUSTRIE A340-200;A340-2;1-9-1996;
874;8;A340-600;AIRBUS INDUSTRIE;AIRBUS INDUSTRIE A340-600;A340-6;1-9-1996;
882;8;A380-800;AIRBUS INDUSTRIE;AIRBUS INDUSTRAI A380-800;A380-8;1-7-2008;
340;3;EUROCOPTER AS350 ;AMERICAN EUROCOPTER;EUROCOMPTER AS350 B2 ASTAR;AS350 B2;1-12-2010;
508;5;ANTONOV AN-22-F;ANTONOV;ANTONOV AN-22 FREIGHTER;AN-22F;1-1-1990;
607;6;ANTONOV AN-72/74;ANTONOV;ANTONOV AN-72/74;AN-72/74;1-9-2006;
880;8;ANTONOV 124;ANTONOV;ANTONOV 124;AN-124;1-1-1990;
890;8;ANTONOV 225;ANTONOV;ANTONOV 225 (6 ENGINE);AN-225;1-1-1990;
444;4;ANTONOV 24/26/32;ANTONOV DESIGN BUREAU;ANTONOV 24/26/32;AN-24/6;1-1-1999;
507;5;ANTONOV 12;ANTONOV DESIGN BUREAU;ANTONOV 12;AN-12;1-1-2000;
510;5;AW-650;ARMSTRONG WHITWORTH;AW-650;AW-650;1-1-1990;
835;8;AVROLINER RJ85;AVRO INTERNATIONAL AEROSPACE;AVROLINER RJ85;AV RJ85;1-1-1997;
10;0;BEECH 35/36;BEECHCRAFT;BEECH BONANZA 35A/C/D/E/G/H/J/K/S/V/  36A;BONANZA;1-1-1990;
24;0;BEECH B-23;BEECHCRAFT;BEECH B-23 MUSKETEER;MUSKTEER;1-1-1990;
105;2;BEECH C-50;BEECHCRAFT;BEECH C-50 (TWIN BONANZA);TWBONANZ;1-1-1990;
110;2;BEECH 18;BEECHCRAFT;BEECH 18 C-185;BE-18C;1-1-1990;
111;4;BEECH KINGAIR 90;BEECHCRAFT;BEECH KING AIR 90;KING AIR;1-1-1990;
113;2;BEECH B-95;BEECHCRAFT;BEECH B-95 (TRAVELAIR);TRAVLAIR;1-1-1990;
115;2;BEECH AT-11;BEECHCRAFT;BEECH AT-11;AT-11;1-1-1990;
117;2;BEECH BARON B-55;BEECHCRAFT;BEECH BARON (55 SERIES);BARON;1-1-1990;
133;4;BEECH QUEEN AIR;BEECHCRAFT;BEECH 65/65A-80/65B-80 (QUEEN AIR);QUEENAIR;1-1-1990;
401;4;BEECH 1300;BEECHCRAFT;BEECH 1300;BE-1300;1-1-1990;
402;4;BEECH 18;BEECHCRAFT;BEECH MODEL 18 TURBO-PROP CONVERSIONS;BE-18;1-1-1990;
403;4;BEECH 99;BEECHCRAFT;BEECH 99 AIRLINER;BE-99;1-1-1990;
404;4;BEECH C99;BEECHCRAFT;BEECH C99;BE-C99;1-1-1990;
405;4;BEECH 1900 A/B/C/D;BEECHCRAFT;BEECH 1900 A/B/C/D;BE-1900;1-1-1990;
406;4;BEECH 200 KINGAIR;BEECHCRAFT;BEECH 200 SUPER KINGAIR;KINGAIR;1-1-1995;
409;4;BEECH B-100;BEECHCRAFT;BEECHCRAFT KING AIR B100 ;BE-B100;1-10-2002;
411;4;BEECHCRAFT 65-A90;BEECHCRAFT;BEECH KING AIR 65-A90 QUEEN AIR;BE-65;1-10-2002;
457;4;BEECH KING AIR ;BEECHCRAFT;BEECH KING AIR C-90;KINGAIR;1-1-2001;
458;4;BEECH B-350;BEECHCRAFT;BEECHCRAFT SUPER KING AIR;BE-KING;1-10-2002;
311;3;BELL B-47D;BELL;BELL B-47D;B-47D;1-1-1990;
312;3;BELL B-47G;BELL;BELL B-47G;B-47G;1-1-1990;
313;3;BELL B-47G2;BELL;BELL B-47G2;B-47G2;1-1-1990;
314;3;BELL B-47J2;BELL;BELL B-47J2;B-47J2;1-1-1990;
315;3;BELL B-206A;BELL;BELL B-206A;B-206A;1-1-1990;
317;3;HU-1H ;BELL;HU-1H 204B;HUEY;1-6-2016;
345;3;BELL 212 TWIN;BELL;BELL 212 TWIN TWO TWELVE;BELL 212;1-1-2015;
20;0;BELLANCA CH-300;BELLANCA;BELLANCA CH-300;CH-300;1-1-1990;
200;5;BOEING 377;BOEING;BOEING 377 STRATOCRUISER;B-377;1-1-1990;
608;6;BOEING 717-200;BOEING;BOEING 717-200;B717-2;1-1-1999;
612;6;BOEING 737-700/LR;BOEING;BOEING 737-700/700LR/MAX 7;B737-7;1-1-1998;
614;6;BOEING 737-800;BOEING;BOEING 737-800;B737-8;1-1-1998;
615;6;BOEING 737-5/600LR;BOEING;BOEING 737-5/600LR;B737-5LR;1-1-1998;
616;6;BOEING 737-500;BOEING;BOEING 737-500;B737-5;1-1-1990;
617;6;BOEING 737-400;BOEING;BOEING 737-400;B737-4;1-1-1990;
618;6;BOEING 737-300LR;BOEING;BOEING 737-300LR;B737-3LR;1-1-1990;
619;6;BOEING 737-300;BOEING;BOEING 737-300;B737-3;1-1-1990;
620;6;BOEING 737-100/200;BOEING;BOEING 737-100/200;B737-1/2;1-1-1990;
621;6;BOEING 737-200C;BOEING;BOEING 737-200C;B737-2C;1-1-1990;
622;6;BOEING 757-200;BOEING;BOEING 757-200;B757-2;1-1-1990;
623;6;BOEING 757-300;BOEING;BOEING 757-300;B757-3;1-1-1999;
624;6;BOEING 767-400/ER;BOEING;BOEING 767-400/ER;B767-4;1-1-1998;
625;6;BOEING 767-200/ER;BOEING;BOEING 767-200/ER/EM;B767-2/R;1-1-1990;
626;6;BOEING 767-300/ER;BOEING;BOEING 767-300/300ER;B767-3/R;1-1-1990;
627;6;BOEING 777-200;BOEING;BOEING 777-200ER/200LR/233LR;B777-2;1-1-1994;
633;6;BOEING 737-600;BOEING;BOEING 737-600;B737-6;1-4-2002;
634;6;BOEING 737-900;BOEING;BOEING 737-900;B737-9;1-4-2002;
637;6;BOEING 777-300/ER;BOEING;BOEING 777-300/300ER/333ER;B777-3;1-3-2004;
683;6;BOEING B777-F;BOEING;BOEING B777-F;B777-F;1-7-2009;
710;7;BOEING 727-100;BOEING;BOEING 727-100;B727-100;1-1-1990;
711;7;BOEING 727-100C/QC;BOEING;BOEING 727-100C/QC;B727-1C;1-1-1990;
715;7;BOEING 727-200;BOEING;BOEING 727-200/231A;B727-2;1-1-1990;
800;8;BOEING 707-100;BOEING;BOEING 707-100;B707-100;1-1-1990;
802;8;BOEING 707-100B;BOEING;BOEING 707-100B;B707-1B;1-1-1990;
804;8;BOEING 707-200;BOEING;BOEING 707-200;B707-2;1-1-1990;
806;8;BOEING 707-300;BOEING;BOEING 707-300;B707-3;1-1-1990;
808;8;BOEING 707-300B;BOEING;BOEING 707-300B;B707-3B;1-1-1990;
809;8;BOEING 707-300C;BOEING;BOEING 707-300C;B707-3C;1-1-1990;
810;8;BOEING 707-400;BOEING;BOEING 707-400;B707-4;1-1-1990;
812;8;BOEING 720;BOEING;BOEING 720-000;B720-0;1-1-1990;
814;8;BOEING 720-B;BOEING;BOEING 720-000B;B720-B;1-1-1990;
816;8;BOEING 747-100;BOEING;BOEING 747-100;B747-100;1-1-1990;
817;8;BOEING 747-200/300;BOEING;BOEING 747-200/300;B747-2/3;1-1-1990;
818;8;BOEING 747C;BOEING;BOEING 747C;B747C;1-1-1990;
819;8;BOEING 747-400;BOEING;BOEING 747-400;B747-4;1-1-1990;
820;8;BOEING 747-4F;BOEING;BOEING 747-400F;B747-4F;1-1-1990;
821;8;BOEING B747-8;BOEING;BOEING B747-8;B747-8;1-1-2010;
822;8;BOEING 747SP;BOEING;BOEING 747SP;B747SP;1-1-1990;
823;8;BOEING 747-200F;BOEING;BOEING 747-200F;B747-2F;1-1-1990;
837;6;B787-10 DREAMLINER;BOEING;BOEING 787-10 DREAMLINER;B787-10;1-1-2017;
838;6;B737 MAX 800;BOEING;BOEING B737 MAX 800;MAX 8;1-7-2016;
839;6;B737 MAX 900;BOEING;BOEING B737 MAX 900;MAX 9;1-7-2016;
887;6;B787-8 DREAMLINER;BOEING;B787-800 DREAMLINER;B787-8;1-1-2012;
888;6;B737-900ER;BOEING;BOEING 737-900ER;B737-9ER;1-1-2012;
889;6;B787-9 DREAMLINER;BOEING;B787-900 DREAMLINER;B787-9;1-1-2012;
320;3;BOEING BV-107;BOEING VERTOL;BOEING VERTOL BV-107;BV-107;1-1-1990;
321;3;BOEING BV-44;BOEING VERTOL;BOEING VERTOL BV-44;BV-44;1-1-1990;
330;3;BOELKOW BO-105C;BOELKOW;BOELKOW BO-105C;BO-105C;1-1-1990;
491;4;DEHAVILLAND DHC8-2;BOMBARDIER;DEHAVILLAND DHC8-200Q DASH-8;DHC8-200;1-11-2002;
515;6;CHALLENGER 350;BOMBARDIER;BOMARDIER CHALLENGER 350;BD-350;1-1-2015;
575;6;BOMBARDIER LEARJET;BOMBARDIER;BOMBARDIER LEARJET 75;LEAR75;1-12-2013;
609;6;CHALLENGER 300;BOMBARDIER;BOMBARDIER BD-100-1A10 CHALLENGER 300;BD-300;1-1-2007;
629;6;RJ-200ER/RJ-440;BOMBARDIER;CANADAIR RJ-200ER /RJ-440;CRJ-2/4;1-1-1997;
638;6;CANADAIR CRJ 900;BOMBARDIER;CANADAIR CRJ 900;CRJ-900;1-3-2003;
657;6;BOMBARDIER CRJ 705;BOMBARDIER;BOMBARDIER CRJ 705;CRJ-705;1-6-2005;
658;6;BOMBARDIER BD-700;BOMBARDIER;BOMBARDIER BD-700 GLOBAL EXPRESS;BD-700;1-6-2005;
659;6;LEARJET 60;BOMBARDIER;BOMBARDIER (GATES) LEARJET 60;LEAR-60;1-6-1991;
668;6;CHALLENGER 601;BOMBARDIER;CANADAIR (BOMBARDIER) CHALLLENGER 601;CL-601;1-6-2005;
669;6;CHALLENGER 604/605;BOMBARDIER;BOMBARDIER CHALLENGER 604/605;CL-604/5;1-6-2005;
686;6;BOMBARDIER LJET45;BOMBARDIER;LEARJET45;LEAR-45;1-1-2010;
688;6;GLOBAL 5000;BOMBARDIER;BOMBARDIER GLOBAL 5000;GL5000;1-1-2014;
788;6;GLOBAL 6000;BOMBARDIER ;BOMBARDIER GLOBAL 6000;GL6000;1-1-2014;
322;3;BRANTLEY B-2;BRANTLEY;BRANTLEY B-2;BRNTLY 2;1-1-1990;
665;6;BAE HS-125;BRITISH AEROSP/HAWKER SIDDELEY;HAWKER SIDDELEY 125;HS-125;1-1-1995;
407;4;BAE-748;BRITISH AEROSPACE;BRITISH AEROSPACE (HAWKER-SIDDELEY) BAE-748;BAE-748;1-1-1990;
408;4;BAE-ATP;BRITISH AEROSPACE;BRITISH AEROSPACE BAE-ATP;BAE-ATP;1-1-1990;
469;4;BAE JETSTREAM 31;BRITISH AEROSPACE;BRITISH AEROSPACE JETSTREAM 31;JETSTM31;1-1-1990;
471;4;JETSTREAM 41;BRITISH AEROSPACE;BRITISH AEROSPACE JETSTREAM 41;JETST41;1-3-1993;
605;6;BAC-111-200;BRITISH AEROSPACE;BRITISH AEROSPACE BAC-111-200;BAC-111;1-1-1990;
610;6;BAC-111-400;BRITISH AEROSPACE;BRITISH AEROSPACE BAC-111-400;BAC-111;1-1-1990;
866;8;BAE-146-100/RJ70;BRITISH AEROSPACE;BRITISH AEROSPACE BAE-146-100/RJ70;BAE146-1;1-1-1990;
867;8;BAE-146-200;BRITISH AEROSPACE;BRITISH AEROSPACE BAE-146-200;BAE146-2;1-1-1990;
868;8;BAE-146-300;BRITISH AEROSPACE;BRITISH AEROSPACE BAE-146-300;BAE146-3;1-1-1990;
520;5;CANADAIR CL-44D;CANADAIR;CANADAIR CL-44D;CL-44D;1-1-1990;
628;6;CANADAIR RJ-100/ER;CANADAIR;CANADAIR RJ-100/RJ-100ER;RJ100/ER;1-3-1993;
631;6;CANADAIR RJ-700;CANADAIR;CANADAIR RJ-700;RJ-700;1-1-1990;
652;6;CANADAIR CL-600;CANADAIR;CANADAIR CL-600 CHALLENGER;CL-600;1-6-2008;
488;4;CARSTEDT CJ-600A;CARSTEDT;CARSTEDT CJ-600A;CJ-600A;1-1-1990;
29;0;CESSNA 150/152;CESSNA;CESSNA 150/152;CE-150/2;1-1-1990;
30;0;CESSNA 180;CESSNA;CESSNA 180;CE-180;1-1-1990;
31;0;CESSNA 180A/B;CESSNA;CESSNA 180A/B;CE-180;1-1-1990;
32;0;CESSNA 180C/D/E/F;CESSNA;CESSNA 180C/D/E/F;CE-180C;1-1-1990;
33;0;CESSNA 185A/B/C;CESSNA;CESSNA 185A/B/C SKYWAGON;SKYWAGON;1-1-1990;
35;0;CESSNA 206/207/209;CESSNA;CESSNA C206/207/209/210 STATIONAIR;CE-206/7;1-1-1990;
36;0;CESSNA 172 SKYHAWK;CESSNA;CESSNA 172 SKYHAWK;SKYHAWK;1-1-1990;
37;0;CESSNA 195;CESSNA;CESSNA 195;CE-195;1-1-1990;
38;0;CESSNA CARDINAL;CESSNA;CESSNA 177 CARDINAL;CARDINAL;1-1-1990;
39;0;CESSNA 182 SKYLANE;CESSNA;CESSNA 182 SKYLANE;SKYLANE;1-1-1990;
41;0;CESSNA 205;CESSNA;CESSNA 205;CE-205;1-1-1990;
120;2;CESSNA T-50;CESSNA;CESSNA T-50 (BOBCAT);BOBCAT;1-1-1990;
121;2;CESSNA C-421;CESSNA;CESSNA C-421;CE-C421;1-1-1990;
122;2;CESSNA C-310;CESSNA;CESSNA C-310 SERIES;CE-C310;1-1-1990;
123;2;CESSNA C-340/335;CESSNA;CESSNA C-340/335;CE-340;1-9-2006;
125;2;CESSNA C-402/402A;CESSNA;CESSNA C-402/402A/402B;CE-402;1-1-1990;
128;2;CESSNA 404;CESSNA;CESSNA 404;CE-404;1-1-1990;
148;2;CESSNA C-337;CESSNA;CESSNA C-337 (SUPER SKY MASTER);SKYMASTR;1-1-1990;
149;2;CESSNA C-401;CESSNA;CESSNA C-401;CE-C401;1-1-1990;
152;2;CESSNA C-411;CESSNA;CESSNA C-411;CE-411;1-1-1990;
166;2;CESSNA C-336;CESSNA;CESSNA C-336;CE-336;1-1-1990;
415;4;CESSNA C208B;CESSNA;CESSNA C208B/GRAND CARAVAN;CE-208B;1-10-2006;
416;4;CESSNA 208;CESSNA;CESSNA 208 CARAVAN;CARAVAN;1-1-1990;
417;4;CESSNA 406;CESSNA;CESSNA 406 CARAVAN II;CARAVNII;1-1-2002;
418;4;CESSNA C-441;CESSNA;CESSNA C-441;CE-C441;1-1-1990;
636;6;CESSNA CITATION ;CESSNA;CESSNA CITATION II/ BRAVO;CITATNII;1-10-2002;
639;6;CITATIONJET/CJ;CESSNA;CESSNA CITATIONJET/CJ1/CJ2/CJ3;CITATNJ;1-12-2003;
646;6;CSSNA CITATIONIII;CESSNA;CESSNA CITATION X MODEL 650/550B/550XL;CITATNX;1-6-1978;
647;6;CSSNA CITATION X;CESSNA;CESSNA CITATION X MODEL CE750 X;CE-750X;1-9-2006;
653;6;CESSNA CE-680 ;CESSNA;CESSNA CE-680 CITATION SOVEREIGN;CE-680;1-6-2008;
685;6;CESSNA 510/560XL ;CESSNA;CESSNA 510 MUSTANG/560XL CITATION EXCEL;CE-560XL;1-1-2010;
130;2;C-28 5ACF PBY;CONSOLIDATED VULTEE;C-28 5ACF PBY;PBY;1-1-1990;
132;4;C-28 5ACF-PBY EMQ;CONSOLIDATED VULTEE;C-28 5ACF-PBY-EMQ;PBY-EMQ;1-1-1990;
412;4;CASA 212;CONSTRUCCIONES AERONAUTICAS,SA;CASA/NURTANIO C212 AVIOCAR;C212;1-1-1990;
413;4;CASA 235;CONSTRUCCIONES AERONAUTICAS,SA;CASA 235;C 235;1-1-1990;
140;4;CONVAIR CV-240;CONVAIR;CONVAIR CV-240;CV-240;1-1-1990;
143;4;CONVAIR CV-340/440;CONVAIR;CONVAIR CV-340/440;CV-340/4;1-1-1990;
420;4;CONVAIR CV-540;CONVAIR;CONVAIR CV-540;CV-540;1-1-1990;
430;4;CONVAIR CV-580;CONVAIR;CONVAIR CV-580;CV-580;1-1-1990;
435;4;CONVAIR CV-600;CONVAIR;CONVAIR CV-600;CV-600;1-1-1990;
440;4;CONVAIR CV-640;CONVAIR;CONVAIR CV-640;CV-640;1-1-1990;
445;4;CONVAIR CV-660;CONVAIR;CONVAIR CV-660;CV-660;1-1-1990;
825;8;CONVAIR 880;CONVAIR;CONVAIR 880 (CV-22/22M);CV-880;1-1-1990;
830;8;CONVAIR 990;CONVAIR;CONVAIR 990 CORONADO (CV-30);CORONADO;1-1-1990;
150;4;CURTISS C46 SERIES;CURTISS-WRIGHT;CURTISS C46/20T/A/D/F/R COMMANDO;COMMANDO;1-1-1990;
682;6;DASSAULT 2000;DASSAULT ;DASSAULT FALCON 2000EX/2000LXS;DA-2000;1-9-2006;
770;7;FALCON 900;DASSAULT FALCON;DASSAULT FALCON 900/900EX;FA-900;1-10-2002;
771;7;FALCON 50;DASSAULT FALCON;DASSAULT FALCON 50;FA-50;1-10-2002;
774;6;DASSAULT FALCON ;DASSAULT FALCON;DASSAULT FALCON 2000;DA 2000;1-1-2012;
775;7;DASSAULT FALCON 7X;DASSAULT FALCON;DASSAULT FALCON 7X;FALCON;1-10-2008;
681;6;DASSAULT FALCON;DASSAULT-BREGUET;DASSAULT-BREGUET MYSTERE-FALCON;FALCON;1-1-1990;
482;4;DHC8-Q400  DASH-8;DEHAVILLAND;DEHAVILLAND DHC8-400 DASH-8;DASH8-Q4;1-1-1999;
483;4;DHC8-100 DASH 8;DEHAVILLAND;DEHAVILLAND DHC8-100 DASH-8;DASH8-1;1-1-1990;
484;4;DHC8-300 DASH 8;DEHAVILLAND;DEHAVILLAND DHC8-300 DASH 8;DHC8-300;1-1-1990;
485;4;DEHAVILLAND DHC-6;DEHAVILLAND;DEHAVILLAND TWIN OTTER DHC-6;DHC-6;1-1-1990;
570;5;DEHAVILLAND DASH-7;DEHAVILLAND;DEHAVILLAND DHC7 DASH-7;DASH-7;1-1-1990;
40;0;DEHAVILLAND DHC2;DEHAVILLAND OF CANADA;DEHAVILLAND DHC2 BEAVER;BEAVER;1-1-1990;
42;0;DEHAVILLAND DHC3;DEHAVILLAND OF CANADA;DEHAVILLAND DHC3 OTTER;OTTER;1-1-1990;
153;4;DHC4 CARIBOU;DEHAVILLAND OF CANADA;DEHAVILLAND DHC4 CARIBOU;CARIBOU;1-1-1990;
174;2;DOVE DH-104;DEHAVILLAND OF CANADA;DEHAVILLAND DOVE DH-104;DOVE;1-1-1990;
205;4;DH-114 HERON;DEHAVILLAND OF CANADA;DEHAVILLAND DH-114 HERON;HERON;1-1-1990;
161;4;DORNIER DO-28;DORNIER;DORNIER DO-28 SKYSERVANT;DO-28;1-1-1990;
448;4;DORNIER 228;DORNIER;DORNIER 228;DO-228;1-1-1990;
461;4;EMB-120 BRASILIA;EMBRAER;EMBRAER EMB-120 BRASILIA;EMB-120;1-1-1990;
464;4;EMBRAER BANDEIRNTE;EMBRAER;EMBRAER EMB-110 BANDEIRANTE;EMB-110;1-1-1990;
673;6;EMBRAER-175;EMBRAER;EMBRAER ERJ-175;ERJ-175;1-3-2004;
674;6;EMBRAER-135;EMBRAER;EMBRAER-135;EMB-135;1-1-1998;
675;6;EMBRAER-145;EMBRAER;EMBRAER-145;EMB-145;1-1-1996;
676;6;EMBRAER-140;EMBRAER;EMBRAER-140;EMB-140;1-1-2001;
677;6;EMB-170/EMB-175;EMBRAER;EMB-170/EMB-175;EMB-170;1-3-2004;
678;6;EMBRAER 190;EMBRAER;EMBRAER 190;EMB-190;1-12-2005;
755;6;EMBRAER LEGACY 600;EMBRAER;EMBRAER LEGACY 600;LEG-600;1-6-2015;
833;6;EMB LEGACY 650;EMBRAER ;EMBRAER LEGACY 650;LEG-650;1-10-2016;
167;4;FAIRCHILD C-82A;FAIRCHILD;FAIRCHILD C-82A;C-82A;1-1-1990;
455;4;FAIRCHILD METRO 23;FAIRCHILD ;FAIRCHILD METRO 23;METRO 23;1-10-2002;
449;4;DORNIER 328;FAIRCHILD DORNIER;DORNIER 328;DO-328;1-6-1993;
632;6;DORNIER 328 JET;FAIRCHILD DORNIER;DORNIER 328 JET;DO-328 J;1-1-2001;
466;4;SWEARINGEN METRO 2;FAIRCHILD SWEARINGEN;SWEARINGEN METRO II;METRO2;1-1-1990;
467;4;SWEARINGEN METRO 3;FAIRCHILD SWEARINGEN;SWEARINGEN METRO III;METRO3;1-1-1990;
323;3;FAIRCHILD FH-1100;FAIRCHILD-HILLER;FAIRCHILD-HILLER FH-1100;FH-1100;1-1-1990;
454;4;FH-227;FAIRCHILD-HILLER;FAIRCHILD-HILLER FH-227;FH-227;1-1-1990;
452;4;FOKKER 50;FOKKER;FOKKER 50;FOKKER50;1-1-1990;
601;6;FOKKER F28-1000;FOKKER;FOKKER F28-1000 FELLOWSHIP;F28-1000;1-1-1990;
602;6;F28-4000/6000;FOKKER;FOKKER F28-4000/6000 FELLOWSHIP;F28-4000;1-1-1990;
603;6;FOKKER 100;FOKKER;FOKKER 100;FOKKR100;1-1-1990;
604;6;FOKKER 70;FOKKER;FOKKER 70;FOKKER70;1-1-1994;
450;4;F-27;FOKKER/FAIRCHILD;FOKKER FRIENDSHIP F-27/FAIRCHILD F-27/A/B/F/J;F-27;1-1-1990;
660;6;LEAR-23;GATES LEARJET;GATES LEARJET LEAR-23;LEAR-23;1-1-1990;
661;6;LEAR-24;GATES LEARJET;GATES LEARJET LEAR-24;LEAR-24;1-1-1990;
662;6;LEAR-25;GATES LEARJET;GATES LEARJET LEAR-25;LEAR-25;1-1-1990;
663;6;LEAR-35;GATES LEARJET;GATES LEARJET LEAR-31/35/36;LEAR-35;1-1-1990;
666;6;LEAR 55;GATES LEARJET;LEAR 55;LEAR-55;1-10-2002;
26;0;GIPPS AERO GA8 AIR;GIPPS AERO;GIPPS AERO GA8 AIRVAN;AIRVAN;1-1-2014;
170;4;GRUMMAN G-21A;GRUMMAN;GRUMMAN G-21A (GOOSE);GOOSE;1-1-1990;
171;4;GRUMMAN SA-16A-GR;GRUMMAN;GRUMMAN SA-16A-GR (ALBATROSS);ALBATRSS;1-1-1990;
172;4;GRUMMAN G-44/44A;GRUMMAN;GRUMMAN G-44/44A (WIDGEON);WIDGEON;1-1-1990;
173;4;GRUMMAN G-73;GRUMMAN;GRUMMAN G-73 (MALLARD);MALLARD;1-1-1990;
460;4;GRUMMAN G-21G;GRUMMAN;GRUMMAN G-21G (TURBO-GOOSE);GOOSE;1-1-1993;
648;6;GULFSTREAM G200;GULFSTEAM;GULFSTREAM G200;G200;1-6-2008;
651;6;GULFSTEAM G150;GULFSTEAM;GULFSTREAM G150;G150;1-6-2008;
671;6;GULFSTREAM G450;GULFSTREAM;GULFSTREAM G450;G450;1-4-2006;
679;6;GRUMMAN G-1159;GULFSTREAM;GRUMMAN G-1159 GULFSTREAM II/III;G-III;1-1-2009;
750;6;GULFSTREAM G650;GULFSTREAM;GULFSTREAM G650;G650;1-1-2014;
667;6;GULFSTREAM V/ G-V ;GULFSTREAM AEROSPACE;GULFSTREAM III/V/ G-V EXEC/ G-5/550;G-V;1-10-2002;
641;6;GULFSTREAM G-IV;GULFSTREAM AEROSPACE ;GULFSTREAM AEROSPACE G-III/G-IV  ;G-III/IV;1-1-2009;
470;4;GULFSTREAM I;GULFSTREAM AEROSPACE (GRUMMAN);GULFSTREAM I;G-159;1-1-1990;
473;4;GULFSTREAM I COMM;GULFSTREAM AEROSPACE (GRUMMAN);GULFSTREAM I-COMMANDER;G-159COM;1-1-1990;
159;4;HAMILTON B-18S;HAMILTON;HAMILTON B-18S LITTLE LINER (CONVERTED);B-18S;1-1-1990;
468;4;H-P JETSTREAM;HANDLEY PAGE;HANDLEY PAGE JETSTREAM;JETSTRM;1-1-1990;
664;6;HFB-320 HANSA;HANSA;HFB-320 HANSA;HFB-320;1-1-1990;
474;4;HAWKER SIDELEY 748;HAWKER SIDDELEY;HAWKER SIDDELEY 748;HAWKER S;1-10-2002;
34;0;HELIO H250/295/395;HELIO;HELIO H-250/295/395;COURIER;1-1-1990;
50;0;HOWARD DGA-15P;HOWARD;HOWARD DGA-15P;DGA-15P;1-1-1990;
350;3;HUGHES 300;HUGHES;HUGHES 300;HUGHS300;1-1-1990;
355;3;HUGHES-500/530;HUGHES;HUGHES-500/530;HUGHS500;1-1-2013;
541;5;ILYUSHIN 18;ILYUSHIN;ILYUSHIN IL-18;IL-18;1-1-1990;
876;8;ILYUSHIN 62;ILYUSHIN;ILYUSHIN 62;IL-62;1-1-1990;
877;8;ILYUSHIN 76/TD;ILYUSHIN;ILYUSHIN 76/TD;IL-76/TD;1-1-1990;
878;8;ILYUSHIN 86;ILYUSHIN;ILYUSHIN 86;IL-86;1-1-1990;
879;8;ILYUSHIN 96;ILYUSHIN;ILYUSHIN 96;IL-96;1-3-1993;
881;8;IL-96-40T;ILYUSHIN;ILYUSHIIN IL-96-400T;IL-96-4T;1-1-2013;
643;6;WESTWIND II;ISRAEL AIRCRAFT INDUSTRIES;1124A WESTWIND II;WESTWIND;1-1-2009;
422;4;QUEST KODIAK 100;KODIAK;QUEST KODIAK 100;KODIAK ;1-7-2011;
44;0;LAKE LA-4;LAKE;LAKE LA-4;LA-4;1-1-1990;
175;2;LOCKHEED L-12A;LOCKHEED;LOCKHEED L-12A/L-10/10A;L-12A;1-1-1990;
240;5;LOCKHEED L-049;LOCKHEED;LOCKHEED L-049;L-049;1-1-1990;
242;5;LOCKHEED L-649;LOCKHEED;LOCKHEED L-649;L-649;1-1-1990;
244;5;LOCKHEED L-749/A;LOCKHEED;LOCKHEED L-749/749A;L-749/A;1-1-1990;
247;5;LOCKHEED L-1049;LOCKHEED;LOCKHEED L-1049;L-1049;1-1-1990;
248;5;LOCKHEED 1049C/D/E;LOCKHEED;LOCKHEED L-1049C/D/E;L-1049C;1-1-1990;
252;5;LOCKHEED L-1049G/H;LOCKHEED;LOCKHEED L-1049G/H;L-1049G;1-1-1990;
258;5;LOCKHEED L-1649A;LOCKHEED;LOCKHEED L-1649A;L-1649A;1-1-1990;
550;5;LOCKHEED L-188A/C;LOCKHEED;LOCKHEED L-188A/C ELECTRA;ELECTRA;1-1-1990;
552;5;LOCKHEED L-382B;LOCKHEED;LOCKHEED L-382B;L-382B;1-1-1990;
553;5;LOCKHEED L100-10;LOCKHEED;LOCKHEED L100-10 HERCULES;HERCULES;1-1-1990;
555;5;LOCKHEED L100-20;LOCKHEED;LOCKHEED L100-20 HERCULES;HERCULES;1-1-1990;
556;5;LOCKHEED L100-30;LOCKHEED;LOCKHEED L100-30/L-382E;HERCULES;1-1-1990;
760;7;L-1011-1/100/200;LOCKHEED;LOCKHEED L-1011-1/100/200;L-1011;1-1-1990;
765;7;L-1011-500 TRISTAR;LOCKHEED;LOCKHEED L-1011-500 TRISTAR;L-1011;1-1-1990;
870;8;LOCKHEED JETSTAR;LOCKHEED;LOCKHEED JETSTAR;JETSTAR;1-1-1990;
180;4;MARTIN 202/202A;MARTIN;MARTIN 202/202A;M-202;1-1-1990;
185;4;MARTIN 404;MARTIN;MARTIN 404;M-404;1-1-1990;
158;4;DOUGLAS DC-2;MCDONNELL DOUGLAS;MCDONNELL DOUGLAS DC-2;DC-2;1-1-1990;
160;4;DOUGLAS DC-3;MCDONNELL DOUGLAS;MCDONNELL DOUGLAS DC-3/A/C,C-47/B;DC-3;1-1-1990;
210;5;DOUGLAS DC-4;MCDONNELL DOUGLAS;MCDONNELL DOUGLAS DC-4(C54/C54A/C54B/C54E);DC-4;1-1-1990;
216;5;DOUGLAS DC-6;MCDONNELL DOUGLAS;MCDONNELL DOUGLAS DC-6;DC-6;1-1-1990;
218;5;DOUGLAS DC-6A;MCDONNELL DOUGLAS;MCDONNELL DOUGLAS DC-6A;DC-6A;1-1-1990;
220;5;DOUGLAS DC-6B;MCDONNELL DOUGLAS;MCDONNELL DOUGLAS DC-6B;DC-6B;1-1-1990;
225;5;DOUGLAS DC-7A/B;MCDONNELL DOUGLAS;MCDONNELL DOUGLAS DC-7A/B;DC-7A/B;1-1-1990;
228;5;DOUGLAS DC-7C;MCDONNELL DOUGLAS;MCDONNELL DOUGLAS DC-7C;DC-7C;1-1-1990;
630;6;DOUGLAS DC-9-10;MCDONNELL DOUGLAS;MCDONNELL DOUGLAS DC-9-10;DC-9-10;1-1-1990;
635;6;DOUGLAS DC-9-15F;MCDONNELL DOUGLAS;MCDONNELL DOUGLAS DC-9-15F;DC-9-15F;1-1-1990;
640;6;DOUGLAS DC-9-30;MCDONNELL DOUGLAS;MCDONNELL DOUGLAS DC-9-30;DC-9-30;1-1-1990;
645;6;DOUGLAS DC-9-40;MCDONNELL DOUGLAS;MCDONNELL DOUGLAS DC-9-40;DC-9-40;1-1-1990;
650;6;DOUGLAS DC-9-50;MCDONNELL DOUGLAS;MCDONNELL DOUGLAS DC-9-50;DC-9-50;1-1-1990;
654;6;MD-87;MCDONNELL DOUGLAS;MCDONNELL DOUGLAS DC9 SUPER 87;MD-87;1-10-1996;
655;6;MD-80/1/2/3/8;MCDONNELL DOUGLAS;MCDONNELL DOUGLAS DC9 SUPER 80/MD81/82/83/88;MD-80;1-1-1990;
656;6;MD-90;MCDONNELL DOUGLAS;MCDONNELL DOUGLAS MD-90;MD-90;1-1-1995;
730;7;DOUGLAS DC-10-10;MCDONNELL DOUGLAS;MCDONNELL DOUGLAS DC-10-10;DC-10-10;1-1-1990;
731;7;DOUGLAS DC-10-20;MCDONNELL DOUGLAS;MCDONNELL DOUGLAS DC-10-20;DC-10-20;1-1-1990;
732;7;DOUGLAS DC-10-30;MCDONNELL DOUGLAS;MCDONNELL DOUGLAS DC-10-30;DC-10-30;1-1-1990;
733;7;DOUGLAS DC-10-40;MCDONNELL DOUGLAS;MCDONNELL DOUGLAS DC-10-40;DC-10-40;1-1-1990;
735;7;DOUGLAS DC-10-30CF;MCDONNELL DOUGLAS;MCDONNELL DOUGLAS DC-10-30CF;DC10-30F;1-1-1990;
740;7;MD-11;MCDONNELL DOUGLAS;MCDONNELL DOUGLAS MD-11;MD-11;1-1-1990;
840;8;DOUGLAS DC-8-10;MCDONNELL DOUGLAS;MCDONNELL DOUGLAS DC-8-10;DC-8-10;1-1-1990;
842;8;DOUGLAS DC-8-20;MCDONNELL DOUGLAS;MCDONNELL DOUGLAS DC-8-20;DC-8-20;1-1-1990;
844;8;DOUGLAS DC-8-30;MCDONNELL DOUGLAS;MCDONNELL DOUGLAS DC-8-30;DC-8-30;1-1-1990;
846;8;DOUGLAS DC-8-40;MCDONNELL DOUGLAS;MCDONNELL DOUGLAS DC-8-40;DC-8-40;1-1-1990;
848;8;DOUGLAS DC-8-50;MCDONNELL DOUGLAS;MCDONNELL DOUGLAS DC-8-50;DC-8-50;1-1-1990;
850;8;DOUGLAS DC-8-50F;MCDONNELL DOUGLAS;MCDONNELL DOUGLAS DC-8-50F;DC-8-50F;1-1-1990;
851;8;DOUGLAS DC-8-61;MCDONNELL DOUGLAS;MCDONNELL DOUGLAS DC-8-61;DC-8-61;1-1-1990;
852;8;DOUGLAS DC-8-63F;MCDONNELL DOUGLAS;MCDONNELL DOUGLAS DC-8-63F;DC-8-63F;1-1-1990;
854;8;DOUGLAS DC-8-62;MCDONNELL DOUGLAS;MCDONNELL DOUGLAS DC-8-62;DC-8-62;1-1-1990;
856;8;DOUGLAS DC-8-63;MCDONNELL DOUGLAS;MCDONNELL DOUGLAS DC-8-63;DC-8-63;1-1-1990;
860;8;DOUGLAS DC-8-71;MCDONNELL DOUGLAS;MCDONNELL DOUGLAS DC-8-71;DC-8-71;1-1-1990;
862;8;DOUGLAS DC-8-72;MCDONNELL DOUGLAS;MCDONNELL DOUGLAS DC-8-72;DC-8-72;1-1-1990;
864;8;DOUGLAS DC-8-73;MCDONNELL DOUGLAS;MCDONNELL DOUGLAS DC-8-73;DC-8-73;1-1-1990;
865;8;DOUGLAS DC-8-73F;MCDONNELL DOUGLAS;MCDONNELL DOUGLAS DC-8-73F;DC-8-73F;1-1-1990;
463;4;MITSUBISHI MU-2/B;MITSUBISHI;MITSUBISHI MU-2/B;MU-2/B;1-1-1990;
717;6;MRJ-70/STD/ER/LR;MITSUBISHI;MRJ-70/STD/ER/LR;MRJ-70;1-7-2015;
718;6;MRJ-90/STD/SR/LR;MITSUBISHI;MRJ-90/STD/SR/LR;MRJ-90;1-7-2015;
51;0;MOONEY M-21;MOONEY;MOONEY M-21;M-21;1-1-1990;
52;0;MOONEY M-20C/E/G;MOONEY;MOONEY M-20C/E/G;M-20C/E;1-1-1990;
465;4;NIHON YS-11;NIHON (NAMCO);NIHON YS-11;YS-11;1-1-1990;
65;0;NOORDUYN UC-64AS;NOORDUYN;NOORDUYN UC-64AS;UC-64AS;1-1-1990;
475;4;NORD 262;NORD AVIATION;NORD 262;N-262;1-1-1990;
477;4;MOHAWK 298;NORD AVIATION;MOHAWK 298;MO-298;1-1-1990;
425;4;PIAGGIO P180 AVANT;PIAGGIO AVANTI;PIAGGIO P180 AVANTI;AVANTI;1-1-2016;
70;0;PILATUS PORTER PC6;PILATUS;PILATUS PORTER PC6;PC6;1-1-1990;
71;0;PILATUS PC6/350;PILATUS;PILATUS PORTER PC6/350;PC6/350;1-1-1990;
479;4;PILATUS PC-12;PILATUS;PILATUS PC-12;PC-12;1-1-1999;
480;4;PILATUS PORTR PC6A;PILATUS;PILATUS TURBO PORTER PC-6A;PC-6A;1-1-1990;
481;4;PILATUS PORTR PC6B;PILATUS;PILATUS TURBO PORTER PC-6B;PC-6B;1-1-1990;
131;2;BRITT-NORMAN BN2/A;PILATUS BRITTEN-NORMAN;PILATUS BRITTEN-NORMAN BN2/A ISLANDER;ISLANDER;1-1-1990;
201;4;BN2A TRISLANDER;PILATUS BRITTEN-NORMAN;PILATUS BRITTEN-NORMAN BN2A TRISLANDER;TRISLNDR;1-1-1990;
79;0;PIPER PA-32;PIPER;PIPER PA-32 (CHEROKEE 6);PA-32;1-1-1990;
80;0;PIPER PA-18;PIPER;PIPER PA-18 (SUPER-CUB);SUPERCUB;1-1-1990;
81;0;PIPER PA-14;PIPER;PIPER PA-14 (FAMILY-CRUISER);FAMCRUIS;1-1-1990;
82;0;PIPER PA-22;PIPER;PIPER PA-22 (TRI-PACER);TRIPACER;1-1-1990;
83;0;PIPER PA-24;PIPER;PIPER PA-24 (COMANCHE);COMANCHE;1-1-1990;
84;0;PIPER PA-28;PIPER;PIPER PA-28 (CHEROKEE);PA-28;1-1-1990;
86;0;PIPER PA-12;PIPER;PIPER PA-12 (SUPERCRUISER);PA-12;1-1-2002;
190;2;PIPER PA-23;PIPER;PIPER PA-23-250 (AZTEC/APACHE);AZTEC;1-1-1990;
193;2;PIPER T-1020;PIPER;PIPER T-1020;PA-T1020;1-1-1990;
194;2;PIPER PA-31/T-1020;PIPER;PIPER PA-31 (NAVAJO)/T-1020;NAVAJO;1-11-1996;
195;2;PIPER PA-34/39;PIPER;PIPER PA-34/39 (TWIN COMMANCHE);TWNCOMAN;1-1-1990;
476;4;PIPER PA-30/31T;PIPER;PIPER PA-30/31T CHEYENNE II XL;PA-31T;1-10-2002;
478;4;PIPER T-1040;PIPER;PIPER T-1040;PA-T1040;1-1-1990;
434;4;KING AIR A100;RAYTHEON;RAYTHEON KING AIR A100;A100;1-1-2014;
437;4;BEECH BARON B-58;RAYTHEON BEECHCRAFT;RAYTHEON BEECHCRAFT BARON B-58;BARON;1-6-2008;
606;6;BEECHCRAFT PREMIER;RAYTHEON BEECHCRAFT;RAYTHEON BEECHRAFT 390 PREMIER I;PREMIER ;1-7-2009;
642;6;BEECH HAWKER 400XP;RAYTHEON BEECHCRAFT;RAYTHEON BEECHCRAFT HAWKER 400XP;HAWKER ;1-1-2009;
684;6;BEECH HAWKER 800XP;RAYTHEON BEECHCRAFT;RAYTHEON BEECHCRAFT HAWKER 800XP;800XP;1-7-2009;
360;3;ROBINSON R44;ROBINSON;ROBINSON R44;R44;1-6-2002;
7;0;AERO COMMANDER 200;ROCKWELL;AERO COMMANDER 200;COMMANDR;1-1-1990;
103;2;AERO COMANDR 500/6;ROCKWELL;AERO COMMANDER (500/600 SERIES EXCPT 680FL);COMMANDR;1-1-1990;
104;2;AERO COMANDR 680FL;ROCKWELL;GRAND COMMANDER 680FL;COMMANDR;1-1-1990;
410;4;ROCKWELL 680-W/690;ROCKWELL;ROCKWELL TURBO-COMMANDER 680-W/690;TCOMMNDR;1-1-1990;
611;6;AERO COMMNDER 1121;ROCKWELL;AERO COMMANDER 1121;COMMANDR;1-1-1990;
670;6;ROCKWELL SABRELINR;ROCKWELL;ROCKWELL SABRELINER;SABRELNR;1-1-1990;
432;4;SAAB 2000;SAAB;SAAB 2000;SA2000;1-1-2016;
456;4;SAAB-FAIRCHD 340/B;SAAB-FAIRCHILD;SAAB-FAIRCHILD 340/B;SF-340/B;1-1-1990;
459;4;SAAB-FRCHILD 340/A;SAAB-FAIRCHILD;SAAB-FAIRCHILD 340/A;SF-340/A;1-9-2005;
487;4;SHORTS 330;SHORT BROS.;SHORTS 330;SHORT330;1-1-1990;
489;4;SHORTS 360;SHORT BROS.;SHORTS 360;SHORT360;1-1-1990;
560;5;SHORTS-BELFAST-SH5;SHORT BROS.;SHORTS BELFAST FREIGHTER-SH5;SH5;1-1-1990;
486;4;SHORT HARLAND SC-7;SHORT BROS. ;SHORTS HARLAND SC-7 SKYVAN;SKYVAN;1-1-1990;
280;5;SIKORSKY VS-44A;SIKORSKY;SIKORSKY VS-44A (AMPHIBIAN);VS-44A;1-1-1990;
380;3;SIKORSKY S-51;SIKORSKY;SIKORSKY S-51;S-51;1-1-1990;
381;3;SIKORSKY S-55;SIKORSKY;SIKORSKY S-55;S-55;1-1-1990;
385;3;SIKORSKY S-58A/B/C;SIKORSKY;SIKORSKY S-58A/B/C;S-58;1-1-1990;
386;3;SIKORSKY S-61N;SIKORSKY;SIKORSKY S-61N;S-61N;1-1-1990;
387;3;SIKORSKY S-61;SIKORSKY;SIKORSKY S-61;S-61;1-1-1990;
388;3;SIKORSKY S-61L;SIKORSKY;SIKORSKY S-61L;S-61L;1-1-1990;
389;3;SIKORSKY S-62/A;SIKORSKY;SIKORSKY S-62/A;S-62/A;1-1-1990;
390;3;SIKORSKY S-76;SIKORSKY;SIKORSKY S-76;S-76;1-10-2002;
431;4;SOCATA TBM850;SOCATA;SOCATA TBM850;TBM850;1-9-2010;
433;4;SOCATA TBM-700;SOCATA;SOCATA TBM-700;TBM-700;1-9-2006;
85;0;STINSON SR-9;STINSON;STINSON SR-9;SR-9;1-1-1990;
87;0;STINSON V-77;STINSON;STINSON V-77;V-77;1-1-1990;
88;0;STINSON SR-10E;STINSON;STINSON SR-10E BUSHMAN;BUSHMAN;1-1-1990;
97;0;STIN.FW 300-450 HP;STINSON;STINSON F.W. 300-450 HP;STNSN FW;1-1-1950;
98;0;STIN.FW LT 300 HP;STINSON;STINSON 0-299 HP;STNSN FW;1-1-1950;
303;3;SUD ALOUETTE;SUD AVIATION;SUD ALOUETTE;ALOUETTE;1-1-1990;
714;6;SUKHOI SUPERJ 100;SUKHOI;SUKHOI SUPERJET 100;SSJ-100;1-7-2014;
462;4;SWEARINGEN MERLIN;SWEARINGEN;SWEARINGEN METRO MERLIN;MERLIN;1-1-1990;
649;6;TUPOLEV TU-204;TUPOLEV;TUPOLEV TU-204-300;TU-204;1-12-2007;
780;7;TUPOLEV 154;TUPOLEV;TUPOLEV TU-154;TU-154;1-1-1990;
580;5;VV-700;VICKERS;VICKERS VISCOUNT 700/744/745/745D;VV-700;1-1-1990;
584;5;VV-800;VICKERS;VICKERS VISCOUNT V800/810/812;VV-800;1-1-1990;
490;4;VOLPAR TURBO 18;VOLPAR;VOLPAR TURBO 18;VOLPAR18;1-1-1990;
396;3;WESTLAND SR-N5;WESTLAND;WESTLAND SR-N5 (ACV);SR-N5;1-1-1990;
792;7;YAKOLEV 42;YAKOLEV;YAKOLEV YAK-42;YAK-42;1-1-1990;
91;0;FLT/AMPHIB TURBINE;;FLOAT/AMPHIB TURBINE;FLT/AMPH;1-1-1990;
92;0;PISTON-LT 450 HP;;FLOAT/AMPHIB PISTON-LT 450 HP;FLT/AMPH;1-1-1990;
93;0;PISTON-450+ HP;;FLOAT/AMPHIB PISTON-450+ HP;FLT/AMPH;1-1-1990;
94;0;LAND-TURBINE;;LAND-TURBINE;LAND;1-1-1990;
95;0;PISTON-LT 450 HP;;LAND-PISTON-LT 450 HP;LAND;1-1-1990;
96;0;PISTON-450+ HP;;LAND-PISTON-450+ HP;LAND;1-1-1990;
